Frame,Tracker,Is_inside
0,Fused,True
0,CSRT,True
0,KCF,True
0,MIL,True
0,BOOSTING,True
0,MEDIANFLOW,True
0,MOSSE,True
1,Fused,True
1,CSRT,True
1,KCF,True
1,MIL,True
1,BOOSTING,True
1,MEDIANFLOW,True
1,MOSSE,True
2,Fused,True
2,CSRT,True
2,KCF,True
2,MIL,True
2,BOOSTING,True
2,MEDIANFLOW,True
2,MOSSE,True
3,Fused,True
3,CSRT,True
3,KCF,True
3,MIL,True
3,BOOSTING,True
3,MEDIANFLOW,True
3,MOSSE,True
4,Fused,True
4,CSRT,True
4,KCF,True
4,MIL,True
4,BOOSTING,True
4,MOSSE,True
5,Fused,True
5,CSRT,True
5,KCF,True
5,MIL,True
5,BOOSTING,True
5,MEDIANFLOW,True
5,MOSSE,True
6,Fused,True
6,CSRT,True
6,KCF,True
6,MIL,True
6,BOOSTING,True
6,MOSSE,True
7,Fused,True
7,CSRT,True
7,KCF,True
7,MIL,True
7,BOOSTING,True
7,MOSSE,True
8,Fused,True
8,CSRT,True
8,KCF,True
8,MIL,True
8,BOOSTING,True
8,MOSSE,True
9,Fused,True
9,CSRT,True
9,KCF,True
9,MIL,True
9,BOOSTING,True
9,MOSSE,True
10,Fused,True
10,CSRT,True
10,KCF,True
10,MIL,True
10,BOOSTING,True
10,MOSSE,True
11,Fused,True
11,CSRT,True
11,KCF,True
11,MIL,True
11,BOOSTING,True
11,MOSSE,True
12,Fused,True
12,CSRT,True
12,KCF,True
12,MIL,True
12,BOOSTING,True
12,MEDIANFLOW,True
12,MOSSE,True
13,Fused,True
13,CSRT,True
13,KCF,True
13,MIL,True
13,BOOSTING,True
13,MEDIANFLOW,True
13,MOSSE,True
14,Fused,True
14,CSRT,True
14,KCF,True
14,MIL,True
14,BOOSTING,True
14,MEDIANFLOW,True
14,MOSSE,True
15,Fused,True
15,CSRT,True
15,KCF,True
15,MIL,True
15,BOOSTING,True
15,MEDIANFLOW,True
15,MOSSE,True
16,Fused,True
16,CSRT,True
16,KCF,True
16,MIL,True
16,BOOSTING,True
16,MEDIANFLOW,True
16,MOSSE,True
17,Fused,True
17,CSRT,True
17,KCF,True
17,MIL,True
17,BOOSTING,True
17,MEDIANFLOW,True
17,MOSSE,True
18,Fused,True
18,CSRT,True
18,KCF,True
18,MIL,True
18,BOOSTING,True
18,MEDIANFLOW,True
18,MOSSE,True
19,Fused,True
19,CSRT,True
19,KCF,True
19,MIL,True
19,BOOSTING,True
19,MEDIANFLOW,True
19,MOSSE,True
20,Fused,True
20,CSRT,True
20,KCF,True
20,MIL,True
20,BOOSTING,True
20,MEDIANFLOW,True
20,MOSSE,True
21,Fused,True
21,CSRT,True
21,KCF,True
21,MIL,True
21,BOOSTING,True
21,MEDIANFLOW,True
21,MOSSE,True
22,Fused,True
22,CSRT,True
22,KCF,True
22,MIL,True
22,BOOSTING,True
22,MOSSE,True
23,Fused,True
23,CSRT,True
23,KCF,True
23,MIL,True
23,BOOSTING,True
23,MEDIANFLOW,True
23,MOSSE,True
24,Fused,True
24,CSRT,True
24,KCF,True
24,MIL,True
24,BOOSTING,True
24,MEDIANFLOW,True
24,MOSSE,True
25,Fused,True
25,CSRT,True
25,KCF,True
25,MIL,True
25,BOOSTING,True
25,MEDIANFLOW,True
25,MOSSE,True
26,Fused,True
26,CSRT,True
26,KCF,True
26,MIL,True
26,BOOSTING,True
26,MEDIANFLOW,True
26,MOSSE,True
27,Fused,True
27,CSRT,True
27,KCF,True
27,MIL,True
27,BOOSTING,True
27,MEDIANFLOW,True
27,MOSSE,True
28,Fused,True
28,CSRT,True
28,KCF,True
28,MIL,True
28,BOOSTING,True
28,MEDIANFLOW,True
28,MOSSE,True
29,Fused,True
29,CSRT,True
29,KCF,True
29,MIL,True
29,BOOSTING,True
29,MEDIANFLOW,True
29,MOSSE,True
30,Fused,True
30,CSRT,True
30,KCF,True
30,MIL,True
30,BOOSTING,True
30,MEDIANFLOW,True
30,MOSSE,True
31,Fused,True
31,CSRT,True
31,KCF,True
31,MIL,True
31,BOOSTING,True
31,MEDIANFLOW,True
31,MOSSE,True
32,Fused,True
32,CSRT,True
32,KCF,True
32,MIL,True
32,BOOSTING,True
32,MEDIANFLOW,True
32,MOSSE,True
33,Fused,True
33,CSRT,True
33,KCF,True
33,MIL,True
33,BOOSTING,True
33,MEDIANFLOW,True
33,MOSSE,True
34,Fused,True
34,CSRT,True
34,KCF,True
34,MIL,True
34,BOOSTING,True
34,MEDIANFLOW,True
34,MOSSE,True
35,Fused,True
35,CSRT,True
35,KCF,True
35,MIL,True
35,BOOSTING,True
35,MEDIANFLOW,True
35,MOSSE,True
36,Fused,True
36,CSRT,True
36,KCF,True
36,MIL,True
36,BOOSTING,True
36,MEDIANFLOW,True
36,MOSSE,True
37,Fused,True
37,CSRT,True
37,KCF,True
37,MIL,True
37,BOOSTING,True
37,MEDIANFLOW,True
37,MOSSE,True
38,Fused,True
38,CSRT,True
38,KCF,True
38,MIL,True
38,BOOSTING,True
38,MEDIANFLOW,True
38,MOSSE,True
39,Fused,True
39,CSRT,True
39,KCF,True
39,MIL,True
39,BOOSTING,True
39,MEDIANFLOW,True
39,MOSSE,True
40,Fused,True
40,CSRT,True
40,KCF,True
40,MIL,True
40,BOOSTING,True
40,MEDIANFLOW,True
40,MOSSE,True
41,Fused,True
41,CSRT,True
41,KCF,True
41,MIL,True
41,BOOSTING,True
41,MEDIANFLOW,True
41,MOSSE,True
42,Fused,True
42,CSRT,True
42,KCF,True
42,MIL,True
42,BOOSTING,True
42,MEDIANFLOW,True
42,MOSSE,True
43,Fused,True
43,CSRT,True
43,KCF,True
43,MIL,True
43,BOOSTING,True
43,MEDIANFLOW,True
43,MOSSE,True
44,Fused,True
44,CSRT,True
44,KCF,True
44,MIL,True
44,BOOSTING,True
44,MEDIANFLOW,True
44,MOSSE,True
45,Fused,True
45,CSRT,True
45,KCF,True
45,MIL,True
45,BOOSTING,True
45,MEDIANFLOW,True
45,MOSSE,True
46,Fused,True
46,CSRT,True
46,KCF,True
46,MIL,True
46,BOOSTING,True
46,MEDIANFLOW,True
46,MOSSE,True
47,Fused,True
47,CSRT,True
47,KCF,True
47,MIL,True
47,BOOSTING,True
47,MEDIANFLOW,True
47,MOSSE,True
48,Fused,True
48,CSRT,True
48,KCF,True
48,MIL,True
48,BOOSTING,True
48,MEDIANFLOW,True
48,MOSSE,True
49,Fused,True
49,CSRT,True
49,KCF,True
49,MIL,True
49,BOOSTING,True
49,MEDIANFLOW,True
49,MOSSE,True
50,Fused,True
50,CSRT,True
50,KCF,True
50,MIL,True
50,BOOSTING,True
50,MEDIANFLOW,True
50,MOSSE,True
51,Fused,True
51,CSRT,True
51,KCF,True
51,MIL,True
51,BOOSTING,True
51,MEDIANFLOW,True
51,MOSSE,True
52,Fused,True
52,CSRT,True
52,KCF,True
52,MIL,True
52,BOOSTING,True
52,MEDIANFLOW,True
52,MOSSE,True
53,Fused,True
53,CSRT,True
53,KCF,True
53,MIL,True
53,BOOSTING,True
53,MEDIANFLOW,True
53,MOSSE,True
54,Fused,True
54,CSRT,True
54,KCF,True
54,MIL,True
54,BOOSTING,True
54,MEDIANFLOW,True
54,MOSSE,True
55,Fused,True
55,CSRT,True
55,KCF,True
55,MIL,True
55,BOOSTING,True
55,MEDIANFLOW,True
55,MOSSE,True
56,Fused,True
56,CSRT,True
56,KCF,True
56,MIL,True
56,BOOSTING,True
56,MEDIANFLOW,True
56,MOSSE,True
57,Fused,True
57,CSRT,True
57,KCF,True
57,MIL,True
57,BOOSTING,True
57,MEDIANFLOW,True
57,MOSSE,True
58,Fused,True
58,CSRT,True
58,KCF,True
58,MIL,True
58,BOOSTING,True
58,MEDIANFLOW,True
58,MOSSE,True
59,Fused,True
59,CSRT,True
59,KCF,True
59,MIL,True
59,BOOSTING,True
59,MEDIANFLOW,True
59,MOSSE,True
60,Fused,True
60,CSRT,True
60,KCF,True
60,MIL,True
60,BOOSTING,True
60,MEDIANFLOW,True
60,MOSSE,True
61,Fused,True
61,CSRT,True
61,KCF,True
61,MIL,True
61,BOOSTING,True
61,MEDIANFLOW,True
61,MOSSE,True
62,Fused,True
62,CSRT,True
62,KCF,True
62,MIL,True
62,BOOSTING,True
62,MEDIANFLOW,True
62,MOSSE,True
63,Fused,True
63,CSRT,True
63,KCF,True
63,MIL,True
63,BOOSTING,True
63,MEDIANFLOW,True
63,MOSSE,True
64,Fused,True
64,CSRT,True
64,KCF,True
64,MIL,True
64,BOOSTING,True
64,MEDIANFLOW,True
64,MOSSE,True
65,Fused,True
65,CSRT,True
65,KCF,True
65,MIL,True
65,BOOSTING,True
65,MEDIANFLOW,True
65,MOSSE,True
66,Fused,True
66,CSRT,True
66,KCF,True
66,MIL,True
66,BOOSTING,True
66,MEDIANFLOW,True
66,MOSSE,True
67,Fused,True
67,CSRT,True
67,KCF,True
67,MIL,True
67,BOOSTING,True
67,MEDIANFLOW,True
67,MOSSE,True
68,Fused,True
68,CSRT,True
68,KCF,True
68,MIL,True
68,BOOSTING,True
68,MEDIANFLOW,True
68,MOSSE,True
69,Fused,True
69,CSRT,True
69,KCF,True
69,MIL,True
69,BOOSTING,True
69,MEDIANFLOW,True
69,MOSSE,True
70,Fused,True
70,CSRT,True
70,KCF,True
70,MIL,True
70,BOOSTING,True
70,MEDIANFLOW,True
70,MOSSE,True
71,Fused,True
71,CSRT,True
71,KCF,True
71,MIL,True
71,BOOSTING,True
71,MEDIANFLOW,True
71,MOSSE,True
72,Fused,True
72,CSRT,True
72,KCF,True
72,MIL,True
72,BOOSTING,True
72,MEDIANFLOW,True
72,MOSSE,True
73,Fused,True
73,CSRT,True
73,KCF,True
73,MIL,True
73,BOOSTING,True
73,MEDIANFLOW,True
73,MOSSE,True
74,Fused,True
74,CSRT,True
74,KCF,True
74,MIL,True
74,BOOSTING,True
74,MEDIANFLOW,True
74,MOSSE,True
75,Fused,True
75,CSRT,True
75,KCF,True
75,MIL,True
75,BOOSTING,True
75,MEDIANFLOW,True
75,MOSSE,True
76,Fused,True
76,CSRT,True
76,KCF,True
76,MIL,True
76,BOOSTING,True
76,MEDIANFLOW,True
76,MOSSE,True
77,Fused,True
77,CSRT,True
77,KCF,True
77,MIL,True
77,BOOSTING,True
77,MEDIANFLOW,True
77,MOSSE,True
78,Fused,True
78,CSRT,True
78,KCF,True
78,MIL,True
78,BOOSTING,True
78,MEDIANFLOW,True
78,MOSSE,True
79,Fused,True
79,CSRT,True
79,KCF,True
79,MIL,True
79,BOOSTING,True
79,MEDIANFLOW,True
79,MOSSE,True
80,Fused,True
80,CSRT,True
80,KCF,True
80,MIL,True
80,BOOSTING,True
80,MEDIANFLOW,True
80,MOSSE,True
81,Fused,True
81,CSRT,True
81,KCF,True
81,MIL,True
81,BOOSTING,True
81,MEDIANFLOW,True
81,MOSSE,True
82,Fused,True
82,CSRT,True
82,KCF,True
82,MIL,True
82,BOOSTING,True
82,MEDIANFLOW,True
82,MOSSE,True
83,Fused,True
83,CSRT,True
83,KCF,True
83,MIL,True
83,BOOSTING,True
83,MEDIANFLOW,True
83,MOSSE,True
84,Fused,True
84,CSRT,True
84,KCF,True
84,MIL,True
84,BOOSTING,True
84,MEDIANFLOW,True
84,MOSSE,True
85,Fused,True
85,CSRT,True
85,KCF,True
85,MIL,True
85,BOOSTING,True
85,MEDIANFLOW,True
85,MOSSE,True
86,Fused,True
86,CSRT,True
86,KCF,True
86,MIL,True
86,BOOSTING,True
86,MEDIANFLOW,True
86,MOSSE,True
87,Fused,True
87,CSRT,True
87,KCF,True
87,MIL,True
87,BOOSTING,True
87,MEDIANFLOW,True
87,MOSSE,True
88,Fused,True
88,CSRT,True
88,KCF,True
88,MIL,True
88,BOOSTING,True
88,MEDIANFLOW,True
88,MOSSE,True
89,Fused,True
89,CSRT,True
89,KCF,True
89,MIL,True
89,BOOSTING,True
89,MEDIANFLOW,True
89,MOSSE,True
90,Fused,True
90,CSRT,True
90,KCF,True
90,MIL,True
90,BOOSTING,True
90,MEDIANFLOW,True
90,MOSSE,True
91,Fused,True
91,CSRT,True
91,KCF,True
91,MIL,True
91,BOOSTING,True
91,MEDIANFLOW,True
91,MOSSE,True
92,Fused,True
92,CSRT,True
92,KCF,True
92,MIL,True
92,BOOSTING,True
92,MEDIANFLOW,True
92,MOSSE,True
93,Fused,True
93,CSRT,True
93,KCF,True
93,MIL,True
93,BOOSTING,True
93,MEDIANFLOW,True
93,MOSSE,True
94,Fused,True
94,CSRT,True
94,KCF,True
94,MIL,True
94,BOOSTING,True
94,MEDIANFLOW,True
94,MOSSE,True
95,Fused,True
95,CSRT,True
95,KCF,True
95,MIL,True
95,BOOSTING,True
95,MEDIANFLOW,True
95,MOSSE,True
96,Fused,True
96,CSRT,True
96,KCF,True
96,MIL,True
96,BOOSTING,True
96,MEDIANFLOW,True
96,MOSSE,True
97,Fused,True
97,CSRT,True
97,KCF,True
97,MIL,True
97,BOOSTING,True
97,MEDIANFLOW,True
97,MOSSE,True
98,Fused,True
98,CSRT,True
98,KCF,True
98,MIL,True
98,BOOSTING,True
98,MEDIANFLOW,True
98,MOSSE,True
99,Fused,True
99,CSRT,True
99,KCF,True
99,MIL,True
99,BOOSTING,True
99,MEDIANFLOW,True
99,MOSSE,True
100,Fused,True
100,CSRT,True
100,KCF,True
100,MIL,True
100,BOOSTING,True
100,MEDIANFLOW,True
100,MOSSE,True
101,Fused,True
101,CSRT,True
101,KCF,True
101,MIL,True
101,BOOSTING,True
101,MEDIANFLOW,True
101,MOSSE,True
102,Fused,True
102,CSRT,True
102,KCF,True
102,MIL,True
102,BOOSTING,True
102,MEDIANFLOW,True
102,MOSSE,True
103,Fused,True
103,CSRT,True
103,KCF,True
103,MIL,True
103,BOOSTING,True
103,MEDIANFLOW,True
103,MOSSE,True
104,Fused,True
104,CSRT,True
104,KCF,True
104,MIL,True
104,BOOSTING,True
104,MEDIANFLOW,True
104,MOSSE,True
105,Fused,True
105,CSRT,True
105,KCF,True
105,MIL,True
105,BOOSTING,True
105,MEDIANFLOW,True
105,MOSSE,True
106,Fused,True
106,CSRT,True
106,KCF,True
106,MIL,True
106,BOOSTING,True
106,MEDIANFLOW,True
106,MOSSE,True
107,Fused,True
107,CSRT,True
107,KCF,True
107,MIL,True
107,BOOSTING,True
107,MEDIANFLOW,True
107,MOSSE,True
108,Fused,True
108,CSRT,True
108,KCF,True
108,MIL,True
108,BOOSTING,True
108,MEDIANFLOW,True
108,MOSSE,True
109,Fused,True
109,CSRT,True
109,KCF,True
109,MIL,True
109,BOOSTING,True
109,MEDIANFLOW,True
109,MOSSE,True
110,Fused,True
110,CSRT,True
110,KCF,True
110,MIL,True
110,BOOSTING,True
110,MEDIANFLOW,True
110,MOSSE,True
111,Fused,True
111,CSRT,True
111,KCF,True
111,MIL,True
111,BOOSTING,True
111,MEDIANFLOW,True
111,MOSSE,True
112,Fused,True
112,CSRT,True
112,KCF,True
112,MIL,True
112,BOOSTING,True
112,MEDIANFLOW,True
112,MOSSE,True
113,Fused,True
113,CSRT,True
113,KCF,True
113,MIL,True
113,BOOSTING,True
113,MEDIANFLOW,True
113,MOSSE,True
114,Fused,True
114,CSRT,True
114,KCF,True
114,MIL,True
114,BOOSTING,True
114,MEDIANFLOW,True
114,MOSSE,True
115,Fused,True
115,CSRT,True
115,KCF,True
115,MIL,True
115,BOOSTING,True
115,MEDIANFLOW,True
115,MOSSE,True
116,Fused,True
116,CSRT,True
116,KCF,True
116,MIL,True
116,BOOSTING,True
116,MEDIANFLOW,True
116,MOSSE,True
117,Fused,True
117,CSRT,True
117,KCF,True
117,MIL,True
117,BOOSTING,True
117,MEDIANFLOW,True
117,MOSSE,True
118,Fused,True
118,CSRT,True
118,KCF,True
118,MIL,True
118,BOOSTING,True
118,MOSSE,True
119,Fused,True
119,CSRT,True
119,KCF,True
119,MIL,True
119,BOOSTING,True
119,MOSSE,True
120,Fused,True
120,CSRT,True
120,KCF,True
120,MIL,True
120,BOOSTING,True
120,MOSSE,True
121,Fused,True
121,CSRT,True
121,KCF,True
121,MIL,True
121,BOOSTING,True
121,MOSSE,True
122,Fused,True
122,CSRT,True
122,KCF,True
122,MIL,True
122,BOOSTING,True
122,MOSSE,True
123,Fused,True
123,CSRT,True
123,KCF,True
123,MIL,True
123,BOOSTING,True
123,MOSSE,True
124,Fused,True
124,CSRT,True
124,KCF,True
124,MIL,True
124,BOOSTING,True
124,MOSSE,True
125,Fused,True
125,CSRT,True
125,KCF,True
125,MIL,True
125,BOOSTING,True
125,MOSSE,True
126,Fused,True
126,CSRT,True
126,KCF,True
126,MIL,True
126,BOOSTING,True
126,MOSSE,True
127,Fused,True
127,CSRT,True
127,KCF,True
127,MIL,True
127,BOOSTING,True
127,MOSSE,True
128,Fused,True
128,CSRT,True
128,KCF,True
128,MIL,True
128,BOOSTING,True
128,MOSSE,True
129,Fused,True
129,CSRT,True
129,KCF,True
129,MIL,True
129,BOOSTING,True
129,MOSSE,True
130,Fused,True
130,CSRT,True
130,KCF,True
130,MIL,True
130,BOOSTING,True
130,MOSSE,True
131,Fused,True
131,CSRT,True
131,KCF,True
131,MIL,True
131,BOOSTING,True
131,MOSSE,True
132,Fused,True
132,CSRT,True
132,KCF,True
132,MIL,True
132,BOOSTING,True
132,MOSSE,True
133,Fused,True
133,CSRT,True
133,KCF,True
133,MIL,True
133,BOOSTING,True
133,MOSSE,True
134,Fused,True
134,CSRT,True
134,KCF,True
134,MIL,True
134,BOOSTING,True
134,MOSSE,True
135,Fused,True
135,CSRT,True
135,KCF,True
135,MIL,True
135,BOOSTING,True
135,MOSSE,True
136,Fused,True
136,CSRT,True
136,KCF,True
136,MIL,True
136,BOOSTING,True
136,MOSSE,True
137,Fused,True
137,CSRT,True
137,KCF,True
137,MIL,True
137,BOOSTING,True
137,MOSSE,True
138,Fused,True
138,CSRT,True
138,KCF,True
138,MIL,True
138,BOOSTING,True
138,MOSSE,True
139,Fused,True
139,CSRT,True
139,KCF,True
139,MIL,True
139,BOOSTING,True
139,MOSSE,True
140,Fused,True
140,CSRT,True
140,KCF,True
140,MIL,True
140,BOOSTING,True
140,MOSSE,True
141,Fused,True
141,CSRT,True
141,KCF,True
141,MIL,True
141,BOOSTING,True
141,MOSSE,True
142,Fused,True
142,CSRT,True
142,KCF,True
142,MIL,True
142,BOOSTING,True
142,MOSSE,True
143,Fused,True
143,CSRT,True
143,KCF,True
143,MIL,True
143,BOOSTING,True
143,MOSSE,True
144,Fused,True
144,CSRT,True
144,KCF,True
144,MIL,True
144,BOOSTING,True
144,MOSSE,True
145,Fused,True
145,CSRT,True
145,KCF,True
145,MIL,True
145,BOOSTING,True
145,MOSSE,True
146,Fused,True
146,CSRT,True
146,KCF,True
146,MIL,True
146,BOOSTING,True
146,MOSSE,True
147,Fused,True
147,CSRT,True
147,KCF,True
147,MIL,True
147,BOOSTING,True
147,MOSSE,True
148,Fused,True
148,CSRT,True
148,KCF,True
148,MIL,True
148,BOOSTING,True
148,MOSSE,True
149,Fused,True
149,CSRT,True
149,KCF,True
149,MIL,True
149,BOOSTING,True
149,MOSSE,True
150,Fused,True
150,CSRT,True
150,KCF,True
150,MIL,True
150,BOOSTING,True
150,MOSSE,True
151,Fused,True
151,CSRT,True
151,KCF,True
151,MIL,True
151,BOOSTING,True
151,MOSSE,True
152,Fused,True
152,CSRT,True
152,KCF,True
152,MIL,True
152,BOOSTING,True
152,MOSSE,True
153,Fused,True
153,CSRT,True
153,KCF,True
153,MIL,True
153,BOOSTING,True
153,MOSSE,False
154,Fused,True
154,CSRT,True
154,KCF,True
154,MIL,True
154,BOOSTING,True
154,MOSSE,False
155,Fused,True
155,CSRT,True
155,KCF,True
155,MIL,True
155,BOOSTING,True
155,MOSSE,False
156,Fused,True
156,CSRT,True
156,KCF,True
156,MIL,True
156,BOOSTING,True
156,MOSSE,False
157,Fused,True
157,CSRT,True
157,KCF,True
157,MIL,True
157,BOOSTING,True
157,MOSSE,False
158,Fused,True
158,CSRT,True
158,KCF,True
158,MIL,True
158,BOOSTING,True
158,MOSSE,True
159,Fused,True
159,CSRT,True
159,KCF,True
159,MIL,True
159,BOOSTING,True
159,MOSSE,True
160,Fused,True
160,CSRT,True
160,KCF,True
160,MIL,True
160,BOOSTING,True
160,MOSSE,True
161,Fused,True
161,CSRT,True
161,KCF,True
161,MIL,True
161,BOOSTING,True
161,MEDIANFLOW,True
161,MOSSE,True
162,Fused,True
162,CSRT,True
162,KCF,True
162,MIL,True
162,BOOSTING,True
162,MEDIANFLOW,True
162,MOSSE,True
163,Fused,True
163,CSRT,True
163,KCF,True
163,MIL,True
163,BOOSTING,True
163,MEDIANFLOW,True
163,MOSSE,True
164,Fused,True
164,CSRT,True
164,KCF,True
164,MIL,True
164,BOOSTING,True
164,MEDIANFLOW,True
164,MOSSE,True
165,Fused,True
165,CSRT,True
165,KCF,True
165,MIL,True
165,BOOSTING,True
165,MEDIANFLOW,True
165,MOSSE,True
166,Fused,True
166,CSRT,True
166,KCF,True
166,MIL,True
166,BOOSTING,True
166,MEDIANFLOW,True
166,MOSSE,True
167,Fused,True
167,CSRT,True
167,KCF,True
167,MIL,True
167,BOOSTING,True
167,MOSSE,True
168,Fused,True
168,CSRT,True
168,KCF,True
168,MIL,True
168,BOOSTING,True
168,MOSSE,True
169,Fused,True
169,CSRT,True
169,KCF,True
169,MIL,True
169,BOOSTING,True
169,MOSSE,True
170,Fused,True
170,CSRT,True
170,KCF,True
170,MIL,True
170,BOOSTING,True
170,MEDIANFLOW,True
170,MOSSE,True
171,Fused,True
171,CSRT,True
171,KCF,True
171,MIL,True
171,BOOSTING,True
171,MEDIANFLOW,True
171,MOSSE,True
172,Fused,True
172,CSRT,True
172,KCF,True
172,MIL,True
172,BOOSTING,True
172,MEDIANFLOW,True
172,MOSSE,True
173,Fused,True
173,CSRT,True
173,KCF,True
173,MIL,True
173,BOOSTING,True
173,MEDIANFLOW,True
173,MOSSE,True
174,Fused,True
174,CSRT,True
174,KCF,True
174,MIL,True
174,BOOSTING,True
174,MEDIANFLOW,True
174,MOSSE,True
175,Fused,True
175,CSRT,True
175,KCF,True
175,MIL,True
175,BOOSTING,True
175,MEDIANFLOW,True
175,MOSSE,True
176,Fused,True
176,CSRT,True
176,KCF,True
176,MIL,True
176,BOOSTING,True
176,MEDIANFLOW,True
176,MOSSE,True
177,Fused,True
177,CSRT,True
177,KCF,True
177,MIL,True
177,BOOSTING,True
177,MEDIANFLOW,True
177,MOSSE,True
178,Fused,True
178,CSRT,True
178,KCF,True
178,MIL,True
178,BOOSTING,True
178,MEDIANFLOW,True
178,MOSSE,True
179,Fused,True
179,CSRT,True
179,KCF,True
179,MIL,True
179,BOOSTING,True
179,MEDIANFLOW,True
179,MOSSE,True
180,Fused,True
180,CSRT,True
180,KCF,True
180,MIL,True
180,BOOSTING,True
180,MEDIANFLOW,True
180,MOSSE,True
181,Fused,True
181,CSRT,True
181,KCF,True
181,MIL,True
181,BOOSTING,True
181,MOSSE,True
182,Fused,True
182,CSRT,True
182,KCF,True
182,MIL,True
182,BOOSTING,True
182,MOSSE,True
183,Fused,True
183,CSRT,True
183,KCF,True
183,MIL,True
183,BOOSTING,True
183,MEDIANFLOW,True
183,MOSSE,True
184,Fused,True
184,CSRT,True
184,KCF,True
184,MIL,True
184,BOOSTING,True
184,MEDIANFLOW,True
184,MOSSE,True
185,Fused,True
185,CSRT,True
185,KCF,True
185,MIL,True
185,BOOSTING,True
185,MEDIANFLOW,True
185,MOSSE,True
186,Fused,True
186,CSRT,True
186,KCF,True
186,MIL,True
186,BOOSTING,True
186,MEDIANFLOW,True
186,MOSSE,True
187,Fused,True
187,CSRT,True
187,KCF,True
187,MIL,True
187,BOOSTING,True
187,MEDIANFLOW,True
187,MOSSE,True
188,Fused,True
188,CSRT,True
188,KCF,True
188,MIL,True
188,BOOSTING,True
188,MEDIANFLOW,True
188,MOSSE,True
189,Fused,True
189,CSRT,True
189,KCF,True
189,MIL,True
189,BOOSTING,True
189,MEDIANFLOW,True
189,MOSSE,True
190,Fused,True
190,CSRT,True
190,KCF,True
190,MIL,True
190,BOOSTING,True
190,MEDIANFLOW,True
190,MOSSE,True
191,Fused,True
191,CSRT,True
191,KCF,True
191,MIL,True
191,BOOSTING,True
191,MEDIANFLOW,True
191,MOSSE,True
192,Fused,True
192,CSRT,True
192,KCF,True
192,MIL,True
192,BOOSTING,True
192,MEDIANFLOW,True
192,MOSSE,True
193,Fused,True
193,CSRT,True
193,KCF,True
193,MIL,True
193,BOOSTING,True
193,MEDIANFLOW,True
193,MOSSE,True
194,Fused,True
194,CSRT,True
194,KCF,True
194,MIL,True
194,BOOSTING,True
194,MEDIANFLOW,True
194,MOSSE,True
195,Fused,True
195,CSRT,True
195,KCF,True
195,MIL,True
195,BOOSTING,True
195,MEDIANFLOW,True
195,MOSSE,True
196,Fused,True
196,CSRT,True
196,KCF,True
196,MIL,True
196,BOOSTING,True
196,MEDIANFLOW,True
196,MOSSE,True
197,Fused,True
197,CSRT,True
197,KCF,True
197,MIL,True
197,BOOSTING,True
197,MEDIANFLOW,True
197,MOSSE,True
198,Fused,True
198,CSRT,True
198,KCF,True
198,MIL,True
198,BOOSTING,True
198,MEDIANFLOW,True
198,MOSSE,True
199,Fused,True
199,CSRT,True
199,KCF,True
199,MIL,True
199,BOOSTING,True
199,MEDIANFLOW,True
199,MOSSE,True
200,Fused,True
200,CSRT,True
200,KCF,True
200,MIL,True
200,BOOSTING,True
200,MEDIANFLOW,True
200,MOSSE,True
201,Fused,True
201,CSRT,True
201,KCF,True
201,MIL,True
201,BOOSTING,True
201,MEDIANFLOW,True
201,MOSSE,True
202,Fused,True
202,CSRT,True
202,KCF,True
202,MIL,True
202,BOOSTING,True
202,MEDIANFLOW,True
202,MOSSE,True
203,Fused,True
203,CSRT,True
203,KCF,True
203,MIL,True
203,BOOSTING,True
203,MEDIANFLOW,True
203,MOSSE,True
204,Fused,True
204,CSRT,True
204,KCF,True
204,MIL,True
204,BOOSTING,True
204,MOSSE,True
205,Fused,True
205,CSRT,True
205,KCF,True
205,MIL,True
205,BOOSTING,True
205,MEDIANFLOW,True
205,MOSSE,True
206,Fused,True
206,CSRT,True
206,KCF,True
206,MIL,True
206,BOOSTING,True
206,MEDIANFLOW,True
206,MOSSE,True
207,Fused,True
207,CSRT,True
207,KCF,True
207,MIL,True
207,BOOSTING,True
207,MEDIANFLOW,True
207,MOSSE,True
208,Fused,True
208,CSRT,True
208,KCF,True
208,MIL,True
208,BOOSTING,True
208,MEDIANFLOW,True
208,MOSSE,True
209,Fused,True
209,CSRT,True
209,KCF,True
209,MIL,True
209,BOOSTING,True
209,MEDIANFLOW,True
209,MOSSE,True
210,Fused,True
210,CSRT,True
210,KCF,True
210,MIL,True
210,BOOSTING,True
210,MEDIANFLOW,True
210,MOSSE,True
211,Fused,True
211,CSRT,True
211,KCF,True
211,MIL,True
211,BOOSTING,True
211,MEDIANFLOW,True
211,MOSSE,True
212,Fused,True
212,CSRT,True
212,KCF,True
212,MIL,True
212,BOOSTING,True
212,MEDIANFLOW,True
212,MOSSE,True
213,Fused,True
213,CSRT,True
213,KCF,True
213,MIL,True
213,BOOSTING,True
213,MEDIANFLOW,True
213,MOSSE,True
214,Fused,True
214,CSRT,True
214,KCF,True
214,MIL,True
214,BOOSTING,True
214,MEDIANFLOW,True
214,MOSSE,True
215,Fused,True
215,CSRT,True
215,KCF,True
215,MIL,True
215,BOOSTING,True
215,MEDIANFLOW,True
215,MOSSE,True
216,Fused,True
216,CSRT,True
216,KCF,True
216,MIL,True
216,BOOSTING,True
216,MOSSE,True
217,Fused,True
217,CSRT,True
217,KCF,True
217,MIL,True
217,BOOSTING,True
217,MOSSE,True
218,Fused,True
218,CSRT,True
218,KCF,True
218,MIL,True
218,BOOSTING,True
218,MEDIANFLOW,True
218,MOSSE,True
219,Fused,True
219,CSRT,True
219,KCF,True
219,MIL,True
219,BOOSTING,True
219,MEDIANFLOW,True
219,MOSSE,True
220,Fused,True
220,CSRT,True
220,KCF,True
220,MIL,True
220,BOOSTING,True
220,MEDIANFLOW,True
220,MOSSE,True
221,Fused,True
221,CSRT,True
221,KCF,True
221,MIL,True
221,BOOSTING,True
221,MEDIANFLOW,True
221,MOSSE,True
222,Fused,True
222,CSRT,True
222,KCF,True
222,MIL,True
222,BOOSTING,True
222,MEDIANFLOW,True
222,MOSSE,True
223,Fused,True
223,CSRT,True
223,KCF,True
223,MIL,True
223,BOOSTING,True
223,MEDIANFLOW,True
223,MOSSE,True
224,Fused,True
224,CSRT,True
224,KCF,True
224,MIL,True
224,BOOSTING,True
224,MEDIANFLOW,True
224,MOSSE,True
225,Fused,True
225,CSRT,True
225,KCF,True
225,MIL,True
225,BOOSTING,True
225,MEDIANFLOW,True
225,MOSSE,True
226,Fused,True
226,CSRT,True
226,KCF,True
226,MIL,True
226,BOOSTING,True
226,MOSSE,True
227,Fused,True
227,CSRT,True
227,KCF,True
227,MIL,True
227,BOOSTING,True
227,MEDIANFLOW,True
227,MOSSE,True
228,Fused,True
228,CSRT,True
228,KCF,True
228,MIL,True
228,BOOSTING,True
228,MEDIANFLOW,True
228,MOSSE,True
229,Fused,True
229,CSRT,True
229,KCF,True
229,MIL,True
229,BOOSTING,True
229,MEDIANFLOW,True
229,MOSSE,True
230,Fused,True
230,CSRT,True
230,KCF,True
230,MIL,True
230,BOOSTING,True
230,MEDIANFLOW,True
230,MOSSE,True
231,Fused,True
231,CSRT,True
231,KCF,True
231,MIL,True
231,BOOSTING,True
231,MEDIANFLOW,True
231,MOSSE,True
232,Fused,True
232,CSRT,True
232,KCF,True
232,MIL,True
232,BOOSTING,True
232,MEDIANFLOW,True
232,MOSSE,True
233,Fused,True
233,CSRT,True
233,KCF,True
233,MIL,True
233,BOOSTING,True
233,MEDIANFLOW,True
233,MOSSE,True
234,Fused,True
234,CSRT,True
234,KCF,True
234,MIL,True
234,BOOSTING,True
234,MEDIANFLOW,True
234,MOSSE,True
235,Fused,True
235,CSRT,True
235,KCF,True
235,MIL,True
235,BOOSTING,True
235,MEDIANFLOW,True
235,MOSSE,True
236,Fused,True
236,CSRT,True
236,KCF,True
236,MIL,True
236,BOOSTING,True
236,MEDIANFLOW,True
236,MOSSE,True
237,Fused,True
237,CSRT,True
237,KCF,True
237,MIL,True
237,BOOSTING,True
237,MEDIANFLOW,True
237,MOSSE,True
238,Fused,True
238,CSRT,True
238,MIL,True
238,BOOSTING,True
238,MOSSE,True
239,Fused,True
239,CSRT,True
239,KCF,True
239,MIL,True
239,BOOSTING,True
239,MEDIANFLOW,True
239,MOSSE,True
240,Fused,True
240,CSRT,True
240,KCF,True
240,MIL,True
240,BOOSTING,True
240,MOSSE,True
241,Fused,True
241,CSRT,True
241,KCF,True
241,MIL,True
241,BOOSTING,True
242,Fused,True
242,CSRT,True
242,KCF,True
242,MIL,True
242,BOOSTING,True
243,Fused,True
243,CSRT,True
243,MIL,True
243,BOOSTING,True
243,MEDIANFLOW,True
243,MOSSE,True
244,Fused,True
244,KCF,True
244,MIL,False
244,BOOSTING,True
244,MOSSE,False
245,Fused,True
245,CSRT,True
245,KCF,True
245,MIL,True
245,BOOSTING,True
246,Fused,True
246,CSRT,True
246,KCF,True
246,MIL,True
246,BOOSTING,True
246,MOSSE,True
247,Fused,True
247,CSRT,True
247,KCF,True
247,MIL,True
247,BOOSTING,True
248,Fused,True
248,CSRT,True
248,KCF,True
248,MIL,True
248,BOOSTING,True
249,Fused,True
249,CSRT,True
249,KCF,True
249,MIL,True
249,BOOSTING,True
250,Fused,True
250,CSRT,True
250,KCF,True
250,MIL,True
250,BOOSTING,True
251,Fused,True
251,CSRT,True
251,KCF,True
251,MIL,True
251,BOOSTING,False
252,Fused,True
252,CSRT,True
252,KCF,True
252,MIL,True
252,BOOSTING,False
253,Fused,True
253,CSRT,True
253,KCF,True
253,MIL,True
253,BOOSTING,False
254,Fused,True
254,CSRT,True
254,KCF,True
254,MIL,True
254,BOOSTING,True
255,Fused,True
255,CSRT,True
255,KCF,True
255,MIL,True
255,BOOSTING,True
256,Fused,True
256,CSRT,True
256,KCF,True
256,MIL,True
256,BOOSTING,True
257,Fused,True
257,CSRT,True
257,KCF,True
257,MIL,True
257,BOOSTING,True
258,Fused,True
258,CSRT,True
258,KCF,True
258,MIL,True
258,BOOSTING,True
259,Fused,True
259,CSRT,True
259,KCF,True
259,MIL,True
259,BOOSTING,True
260,Fused,True
260,CSRT,True
260,KCF,True
260,MIL,True
260,BOOSTING,True
261,Fused,True
261,CSRT,True
261,KCF,True
261,MIL,True
261,BOOSTING,True
262,Fused,True
262,CSRT,True
262,KCF,True
262,MIL,True
262,BOOSTING,True
263,Fused,True
263,CSRT,True
263,KCF,True
263,MIL,True
263,BOOSTING,True
264,Fused,True
264,CSRT,True
264,KCF,True
264,MIL,True
264,BOOSTING,True
265,Fused,True
265,CSRT,True
265,KCF,True
265,MIL,True
265,BOOSTING,True
266,Fused,True
266,CSRT,True
266,KCF,True
266,MIL,True
266,BOOSTING,True
267,Fused,True
267,CSRT,True
267,KCF,True
267,MIL,True
267,BOOSTING,True
268,Fused,True
268,CSRT,True
268,KCF,True
268,MIL,True
268,BOOSTING,True
269,Fused,True
269,CSRT,True
269,KCF,True
269,MIL,True
269,BOOSTING,True
270,Fused,True
270,CSRT,True
270,KCF,True
270,MIL,True
270,BOOSTING,True
271,Fused,True
271,CSRT,True
271,KCF,True
271,MIL,True
271,BOOSTING,True
272,Fused,True
272,CSRT,True
272,KCF,True
272,MIL,True
272,BOOSTING,True
273,Fused,True
273,CSRT,True
273,KCF,True
273,MIL,True
273,BOOSTING,True
274,Fused,True
274,CSRT,True
274,KCF,True
274,MIL,True
274,BOOSTING,True
275,Fused,True
275,CSRT,True
275,KCF,True
275,MIL,True
275,BOOSTING,True
276,Fused,True
276,CSRT,True
276,KCF,True
276,MIL,True
276,BOOSTING,True
277,Fused,True
277,CSRT,True
277,KCF,True
277,MIL,True
277,BOOSTING,True
278,Fused,True
278,CSRT,False
278,KCF,True
278,MIL,True
278,BOOSTING,True
279,Fused,True
279,CSRT,True
279,KCF,True
279,MIL,True
279,BOOSTING,True
280,Fused,True
280,CSRT,True
280,KCF,True
280,MIL,True
280,BOOSTING,True
281,Fused,True
281,CSRT,True
281,KCF,True
281,MIL,True
281,BOOSTING,True
282,Fused,True
282,CSRT,True
282,KCF,True
282,MIL,True
282,BOOSTING,True
283,Fused,True
283,CSRT,True
283,KCF,True
283,MIL,True
283,BOOSTING,True
284,Fused,True
284,CSRT,True
284,KCF,True
284,MIL,True
284,BOOSTING,True
285,Fused,True
285,CSRT,True
285,KCF,True
285,MIL,True
285,BOOSTING,True
286,Fused,True
286,CSRT,True
286,KCF,True
286,MIL,True
286,BOOSTING,True
287,Fused,True
287,CSRT,True
287,KCF,True
287,MIL,True
287,BOOSTING,True
288,Fused,True
288,CSRT,True
288,KCF,True
288,MIL,True
288,BOOSTING,True
289,Fused,True
289,CSRT,True
289,KCF,True
289,MIL,True
289,BOOSTING,True
290,Fused,True
290,CSRT,True
290,KCF,True
290,MIL,True
290,BOOSTING,True
291,Fused,True
291,CSRT,True
291,KCF,True
291,MIL,True
291,BOOSTING,True
292,Fused,True
292,CSRT,True
292,KCF,True
292,MIL,True
292,BOOSTING,True
293,Fused,True
293,CSRT,True
293,KCF,True
293,MIL,True
293,BOOSTING,True
294,Fused,True
294,CSRT,True
294,KCF,True
294,MIL,True
294,BOOSTING,True
295,Fused,True
295,CSRT,True
295,KCF,True
295,MIL,True
295,BOOSTING,True
296,Fused,True
296,CSRT,True
296,KCF,True
296,MIL,True
296,BOOSTING,True
297,Fused,True
297,CSRT,True
297,KCF,True
297,MIL,True
297,BOOSTING,True
298,Fused,True
298,CSRT,True
298,KCF,True
298,MIL,True
298,BOOSTING,True
299,Fused,True
299,CSRT,True
299,KCF,True
299,MIL,True
299,BOOSTING,True
300,Fused,True
300,CSRT,True
300,KCF,True
300,MIL,True
300,BOOSTING,True
301,Fused,True
301,CSRT,True
301,KCF,True
301,MIL,True
301,BOOSTING,True
302,Fused,True
302,CSRT,True
302,KCF,True
302,MIL,True
302,BOOSTING,True
303,Fused,True
303,CSRT,True
303,KCF,True
303,MIL,True
303,BOOSTING,True
304,Fused,True
304,CSRT,True
304,KCF,True
304,MIL,True
304,BOOSTING,True
305,Fused,True
305,CSRT,True
305,KCF,True
305,MIL,True
305,BOOSTING,True
306,Fused,True
306,CSRT,True
306,KCF,True
306,MIL,True
306,BOOSTING,True
307,Fused,True
307,CSRT,True
307,KCF,True
307,MIL,True
307,BOOSTING,True
308,Fused,True
308,CSRT,True
308,KCF,True
308,MIL,True
308,BOOSTING,True
309,Fused,True
309,CSRT,True
309,KCF,True
309,MIL,True
309,BOOSTING,True
309,MEDIANFLOW,True
310,Fused,True
310,CSRT,True
310,KCF,True
310,MIL,True
310,BOOSTING,True
310,MEDIANFLOW,True
311,Fused,True
311,CSRT,True
311,KCF,True
311,MIL,True
311,BOOSTING,True
311,MEDIANFLOW,True
312,Fused,True
312,CSRT,True
312,KCF,True
312,MIL,True
312,BOOSTING,True
312,MEDIANFLOW,True
313,Fused,True
313,CSRT,True
313,KCF,True
313,MIL,True
313,BOOSTING,True
313,MEDIANFLOW,True
314,Fused,True
314,CSRT,True
314,KCF,True
314,MIL,True
314,BOOSTING,True
314,MEDIANFLOW,True
315,Fused,True
315,CSRT,True
315,KCF,True
315,MIL,True
315,BOOSTING,True
315,MEDIANFLOW,True
316,Fused,True
316,CSRT,True
316,KCF,True
316,MIL,True
316,BOOSTING,True
316,MEDIANFLOW,True
317,Fused,True
317,CSRT,True
317,KCF,True
317,MIL,True
317,BOOSTING,True
317,MEDIANFLOW,True
318,Fused,True
318,CSRT,True
318,KCF,True
318,MIL,True
318,BOOSTING,True
318,MEDIANFLOW,True
319,Fused,True
319,CSRT,True
319,KCF,True
319,MIL,True
319,BOOSTING,True
319,MEDIANFLOW,True
320,Fused,True
320,CSRT,True
320,KCF,True
320,MIL,True
320,BOOSTING,True
320,MEDIANFLOW,True
321,Fused,True
321,CSRT,True
321,KCF,True
321,MIL,True
321,BOOSTING,True
321,MEDIANFLOW,True
322,Fused,True
322,CSRT,True
322,KCF,True
322,MIL,True
322,BOOSTING,True
323,Fused,True
323,CSRT,True
323,KCF,True
323,MIL,True
323,BOOSTING,True
324,Fused,True
324,CSRT,True
324,KCF,True
324,MIL,True
324,BOOSTING,True
325,Fused,True
325,CSRT,True
325,KCF,True
325,MIL,True
325,BOOSTING,True
326,Fused,True
326,CSRT,True
326,KCF,True
326,MIL,True
326,BOOSTING,True
327,Fused,True
327,CSRT,True
327,KCF,True
327,MIL,True
327,BOOSTING,True
328,Fused,True
328,CSRT,True
328,MIL,True
328,BOOSTING,True
329,Fused,True
329,CSRT,True
329,KCF,True
329,MIL,True
329,BOOSTING,True
330,Fused,True
330,CSRT,True
330,KCF,True
330,MIL,True
330,BOOSTING,True
331,Fused,True
331,CSRT,True
331,KCF,True
331,MIL,True
331,BOOSTING,True
332,Fused,True
332,CSRT,True
332,KCF,True
332,MIL,True
332,BOOSTING,True
333,Fused,True
333,CSRT,True
333,KCF,True
333,MIL,True
333,BOOSTING,True
334,Fused,True
334,CSRT,True
334,KCF,True
334,MIL,True
334,BOOSTING,True
335,Fused,True
335,CSRT,True
335,KCF,True
335,MIL,True
335,BOOSTING,True
336,Fused,True
336,CSRT,True
336,KCF,True
336,MIL,True
336,BOOSTING,True
337,Fused,True
337,CSRT,True
337,KCF,True
337,MIL,True
337,BOOSTING,True
338,Fused,True
338,CSRT,True
338,KCF,True
338,MIL,True
338,BOOSTING,True
339,Fused,True
339,CSRT,True
339,KCF,True
339,MIL,True
339,BOOSTING,True
340,Fused,True
340,CSRT,True
340,KCF,True
340,MIL,True
340,BOOSTING,True
341,Fused,True
341,CSRT,True
341,KCF,True
341,MIL,True
341,BOOSTING,True
342,Fused,True
342,CSRT,True
342,KCF,True
342,MIL,True
342,BOOSTING,True
343,Fused,True
343,CSRT,True
343,KCF,True
343,MIL,True
343,BOOSTING,True
343,MOSSE,True
344,Fused,True
344,CSRT,True
344,KCF,True
344,MIL,True
344,BOOSTING,True
344,MOSSE,True
345,Fused,True
345,CSRT,True
345,KCF,True
345,MIL,True
345,BOOSTING,True
345,MOSSE,True
346,Fused,True
346,CSRT,True
346,KCF,True
346,MIL,True
346,BOOSTING,True
346,MOSSE,True
347,Fused,True
347,CSRT,True
347,KCF,True
347,MIL,True
347,BOOSTING,True
347,MOSSE,True
348,Fused,True
348,CSRT,True
348,KCF,False
348,MIL,True
348,BOOSTING,True
348,MOSSE,True
349,Fused,True
349,CSRT,True
349,KCF,False
349,MIL,True
349,BOOSTING,True
349,MOSSE,True
350,Fused,True
350,CSRT,True
350,KCF,True
350,MIL,True
350,BOOSTING,True
350,MEDIANFLOW,True
350,MOSSE,True
351,Fused,True
351,CSRT,True
351,KCF,True
351,MIL,True
351,BOOSTING,True
351,MEDIANFLOW,True
351,MOSSE,True
352,Fused,True
352,CSRT,True
352,KCF,True
352,MIL,True
352,BOOSTING,True
352,MEDIANFLOW,True
352,MOSSE,True
353,Fused,True
353,CSRT,True
353,KCF,True
353,MIL,True
353,BOOSTING,True
353,MEDIANFLOW,True
353,MOSSE,True
354,Fused,True
354,CSRT,True
354,KCF,True
354,MIL,True
354,BOOSTING,True
354,MOSSE,True
355,Fused,True
355,CSRT,True
355,KCF,True
355,MIL,True
355,BOOSTING,True
355,MOSSE,True
356,Fused,True
356,CSRT,True
356,KCF,True
356,MIL,True
356,BOOSTING,True
356,MOSSE,True
357,Fused,True
357,CSRT,True
357,KCF,True
357,MIL,True
357,BOOSTING,True
357,MEDIANFLOW,True
357,MOSSE,True
358,Fused,True
358,CSRT,True
358,KCF,True
358,MIL,True
358,BOOSTING,True
358,MEDIANFLOW,True
358,MOSSE,True
359,Fused,True
359,CSRT,True
359,KCF,True
359,MIL,True
359,BOOSTING,True
359,MOSSE,True
360,Fused,True
360,CSRT,True
360,KCF,True
360,MIL,True
360,BOOSTING,True
360,MEDIANFLOW,True
360,MOSSE,True
361,Fused,True
361,CSRT,True
361,KCF,True
361,MIL,True
361,BOOSTING,True
361,MEDIANFLOW,True
361,MOSSE,True
362,Fused,True
362,CSRT,True
362,KCF,True
362,MIL,True
362,BOOSTING,True
362,MEDIANFLOW,True
362,MOSSE,True
363,Fused,True
363,CSRT,True
363,KCF,True
363,MIL,True
363,BOOSTING,True
363,MEDIANFLOW,True
363,MOSSE,True
364,Fused,True
364,CSRT,True
364,KCF,True
364,MIL,True
364,BOOSTING,True
364,MEDIANFLOW,True
364,MOSSE,True
365,Fused,True
365,CSRT,True
365,KCF,True
365,MIL,True
365,BOOSTING,True
365,MEDIANFLOW,True
365,MOSSE,True
366,Fused,True
366,CSRT,True
366,KCF,True
366,MIL,True
366,BOOSTING,True
366,MOSSE,True
367,Fused,True
367,CSRT,True
367,KCF,True
367,MIL,True
367,BOOSTING,True
367,MOSSE,True
368,Fused,True
368,CSRT,True
368,KCF,True
368,MIL,True
368,BOOSTING,True
368,MEDIANFLOW,True
369,Fused,True
369,CSRT,True
369,KCF,True
369,MIL,True
369,BOOSTING,True
369,MEDIANFLOW,True
369,MOSSE,True
370,Fused,True
370,CSRT,True
370,KCF,True
370,MIL,True
370,BOOSTING,True
370,MEDIANFLOW,True
370,MOSSE,True
371,Fused,True
371,CSRT,True
371,KCF,True
371,MIL,True
371,BOOSTING,True
371,MEDIANFLOW,True
371,MOSSE,True
372,Fused,True
372,CSRT,True
372,KCF,True
372,MIL,True
372,BOOSTING,True
372,MEDIANFLOW,True
372,MOSSE,True
373,Fused,True
373,CSRT,True
373,KCF,True
373,MIL,True
373,BOOSTING,True
373,MOSSE,True
374,Fused,True
374,CSRT,True
374,KCF,True
374,MIL,True
374,BOOSTING,True
374,MOSSE,True
375,Fused,True
375,CSRT,True
375,KCF,True
375,MIL,True
375,BOOSTING,True
375,MOSSE,True
376,Fused,True
376,CSRT,True
376,KCF,True
376,MIL,True
376,BOOSTING,True
376,MOSSE,False
377,Fused,True
377,CSRT,True
377,KCF,True
377,MIL,True
377,BOOSTING,True
377,MOSSE,False
378,Fused,True
378,CSRT,True
378,KCF,True
378,MIL,True
378,BOOSTING,True
378,MOSSE,False
379,Fused,True
379,CSRT,True
379,KCF,True
379,MIL,True
379,BOOSTING,True
379,MOSSE,False
380,Fused,True
380,CSRT,True
380,KCF,True
380,MIL,True
380,BOOSTING,True
380,MOSSE,False
381,Fused,True
381,CSRT,True
381,KCF,True
381,MIL,True
381,BOOSTING,True
381,MOSSE,False
382,Fused,True
382,CSRT,True
382,KCF,True
382,MIL,True
382,BOOSTING,True
382,MOSSE,False
383,Fused,True
383,CSRT,True
383,KCF,True
383,MIL,True
383,BOOSTING,True
383,MOSSE,False
384,Fused,True
384,CSRT,True
384,KCF,True
384,MIL,True
384,BOOSTING,True
384,MOSSE,False
385,Fused,True
385,CSRT,True
385,KCF,True
385,MIL,True
385,BOOSTING,True
385,MOSSE,False
386,Fused,True
386,CSRT,True
386,KCF,True
386,MIL,True
386,BOOSTING,True
386,MOSSE,False
387,Fused,True
387,CSRT,True
387,KCF,True
387,MIL,True
387,BOOSTING,True
387,MOSSE,False
388,Fused,True
388,CSRT,True
388,KCF,True
388,MIL,True
388,BOOSTING,True
388,MOSSE,False
389,Fused,True
389,CSRT,True
389,KCF,True
389,MIL,True
389,BOOSTING,True
389,MOSSE,False
390,Fused,True
390,CSRT,True
390,KCF,True
390,MIL,True
390,BOOSTING,True
390,MOSSE,False
391,Fused,True
391,CSRT,True
391,KCF,True
391,MIL,True
391,BOOSTING,True
391,MOSSE,False
392,Fused,True
392,CSRT,True
392,KCF,True
392,MIL,True
392,BOOSTING,True
392,MOSSE,False
393,Fused,True
393,CSRT,True
393,KCF,True
393,MIL,True
393,BOOSTING,True
393,MOSSE,False
394,Fused,True
394,CSRT,True
394,KCF,True
394,MIL,True
394,BOOSTING,True
394,MOSSE,False
395,Fused,True
395,CSRT,True
395,KCF,True
395,MIL,True
395,BOOSTING,True
395,MOSSE,False
396,Fused,True
396,CSRT,True
396,KCF,True
396,MIL,True
396,BOOSTING,True
396,MOSSE,False
397,Fused,True
397,CSRT,True
397,KCF,True
397,MIL,True
397,BOOSTING,True
397,MOSSE,False
398,Fused,True
398,CSRT,True
398,KCF,True
398,MIL,True
398,BOOSTING,True
398,MOSSE,False
399,Fused,True
399,CSRT,True
399,KCF,True
399,MIL,True
399,BOOSTING,True
399,MOSSE,False
400,Fused,True
400,CSRT,True
400,KCF,True
400,MIL,True
400,BOOSTING,True
400,MOSSE,False
401,Fused,True
401,CSRT,True
401,KCF,True
401,MIL,True
401,BOOSTING,True
401,MOSSE,False
402,Fused,True
402,CSRT,True
402,KCF,True
402,MIL,True
402,BOOSTING,True
402,MOSSE,False
403,Fused,True
403,CSRT,True
403,KCF,True
403,MIL,True
403,BOOSTING,True
403,MEDIANFLOW,True
403,MOSSE,False
404,Fused,True
404,CSRT,True
404,KCF,True
404,MIL,True
404,BOOSTING,True
404,MEDIANFLOW,True
404,MOSSE,False
405,Fused,True
405,CSRT,True
405,KCF,True
405,MIL,True
405,BOOSTING,True
405,MEDIANFLOW,True
405,MOSSE,False
406,Fused,True
406,CSRT,True
406,KCF,True
406,MIL,True
406,BOOSTING,True
406,MEDIANFLOW,True
406,MOSSE,False
407,Fused,True
407,CSRT,True
407,KCF,True
407,MIL,True
407,BOOSTING,True
407,MEDIANFLOW,True
407,MOSSE,False
408,Fused,True
408,CSRT,True
408,KCF,True
408,MIL,True
408,BOOSTING,True
408,MEDIANFLOW,True
408,MOSSE,False
409,Fused,True
409,CSRT,True
409,KCF,True
409,MIL,True
409,BOOSTING,True
409,MEDIANFLOW,True
409,MOSSE,False
410,Fused,True
410,CSRT,True
410,KCF,True
410,MIL,True
410,BOOSTING,True
410,MOSSE,False
411,Fused,True
411,CSRT,True
411,KCF,True
411,MIL,True
411,BOOSTING,True
411,MOSSE,False
412,Fused,True
412,CSRT,True
412,KCF,True
412,MIL,True
412,BOOSTING,True
412,MOSSE,False
413,Fused,True
413,CSRT,True
413,KCF,True
413,MIL,True
413,BOOSTING,True
413,MOSSE,False
414,Fused,True
414,CSRT,True
414,KCF,True
414,MIL,True
414,BOOSTING,True
414,MOSSE,False
415,Fused,True
415,CSRT,True
415,KCF,True
415,MIL,True
415,BOOSTING,True
415,MOSSE,False
416,Fused,True
416,CSRT,True
416,KCF,True
416,MIL,True
416,BOOSTING,True
416,MEDIANFLOW,True
416,MOSSE,False
417,Fused,True
417,CSRT,True
417,KCF,True
417,MIL,True
417,BOOSTING,True
417,MEDIANFLOW,True
417,MOSSE,False
418,Fused,True
418,CSRT,True
418,KCF,True
418,MIL,True
418,BOOSTING,True
418,MEDIANFLOW,True
418,MOSSE,False
419,Fused,True
419,CSRT,True
419,KCF,True
419,MIL,True
419,BOOSTING,True
419,MEDIANFLOW,True
419,MOSSE,False
420,Fused,True
420,CSRT,True
420,KCF,True
420,MIL,True
420,BOOSTING,True
420,MOSSE,False
421,Fused,True
421,CSRT,True
421,KCF,True
421,MIL,True
421,BOOSTING,True
421,MOSSE,False
422,Fused,True
422,CSRT,True
422,KCF,True
422,MIL,True
422,BOOSTING,True
422,MOSSE,False
423,Fused,True
423,CSRT,True
423,KCF,True
423,MIL,True
423,BOOSTING,True
423,MEDIANFLOW,True
423,MOSSE,False
424,Fused,True
424,CSRT,True
424,KCF,True
424,MIL,True
424,BOOSTING,True
424,MOSSE,False
425,Fused,True
425,CSRT,True
425,KCF,True
425,MIL,True
425,BOOSTING,True
425,MEDIANFLOW,True
425,MOSSE,False
426,Fused,True
426,CSRT,True
426,KCF,True
426,MIL,True
426,BOOSTING,True
426,MEDIANFLOW,True
426,MOSSE,False
427,Fused,True
427,CSRT,True
427,KCF,True
427,MIL,True
427,BOOSTING,True
427,MEDIANFLOW,True
427,MOSSE,False
428,Fused,True
428,CSRT,True
428,KCF,True
428,MIL,True
428,BOOSTING,True
428,MEDIANFLOW,True
428,MOSSE,False
429,Fused,True
429,CSRT,True
429,KCF,True
429,MIL,True
429,BOOSTING,True
429,MEDIANFLOW,True
429,MOSSE,False
430,Fused,True
430,CSRT,True
430,KCF,True
430,MIL,True
430,BOOSTING,True
430,MOSSE,False
431,Fused,True
431,CSRT,True
431,KCF,True
431,MIL,True
431,BOOSTING,True
431,MOSSE,False
432,Fused,True
432,CSRT,True
432,KCF,True
432,MIL,True
432,BOOSTING,True
432,MOSSE,False
433,Fused,True
433,CSRT,True
433,KCF,True
433,MIL,True
433,BOOSTING,True
433,MOSSE,False
434,Fused,True
434,CSRT,True
434,KCF,True
434,MIL,True
434,BOOSTING,True
434,MOSSE,False
435,Fused,True
435,CSRT,True
435,KCF,True
435,MIL,True
435,BOOSTING,True
435,MEDIANFLOW,True
435,MOSSE,False
436,Fused,True
436,CSRT,True
436,KCF,True
436,MIL,True
436,BOOSTING,True
436,MEDIANFLOW,True
436,MOSSE,False
437,Fused,True
437,CSRT,True
437,KCF,True
437,MIL,True
437,BOOSTING,True
437,MEDIANFLOW,True
437,MOSSE,False
438,Fused,True
438,CSRT,True
438,KCF,True
438,MIL,True
438,BOOSTING,True
438,MEDIANFLOW,True
438,MOSSE,False
439,Fused,True
439,CSRT,True
439,KCF,True
439,MIL,True
439,BOOSTING,True
439,MEDIANFLOW,True
439,MOSSE,False
440,Fused,True
440,CSRT,True
440,KCF,True
440,MIL,True
440,BOOSTING,True
440,MOSSE,False
441,Fused,True
441,CSRT,True
441,KCF,True
441,MIL,True
441,BOOSTING,True
441,MEDIANFLOW,True
441,MOSSE,False
442,Fused,True
442,CSRT,True
442,KCF,True
442,MIL,True
442,BOOSTING,True
442,MEDIANFLOW,True
442,MOSSE,False
443,Fused,True
443,CSRT,True
443,KCF,True
443,MIL,True
443,BOOSTING,True
443,MEDIANFLOW,True
443,MOSSE,False
444,Fused,True
444,CSRT,True
444,KCF,True
444,MIL,True
444,BOOSTING,True
444,MEDIANFLOW,True
444,MOSSE,False
445,Fused,True
445,CSRT,True
445,KCF,True
445,MIL,True
445,BOOSTING,True
445,MOSSE,False
